{"count":1,"self":24523.918540799998,"total":38436.0879458,"children":{"AgentInfo.ToProto":{"count":38793,"self":0.21929869999999999,"total":13.877996699999999,"children":{"GenerateSensorData":{"count":38793,"self":13.6586976,"total":13.658698,"children":null}}},"AgentSendState":{"count":8832292,"self":144.7547904,"total":4432.9113560999995,"children":{"CollectObservations":{"count":17664590,"self":248.08028159999998,"total":248.0802728,"children":null},"CollectDiscreteActionMasks":{"count":17664590,"self":10.0976112,"total":10.097611599999999,"children":null},"AgentInfo.ToProto":{"count":17664590,"self":69.339264,"total":4029.9786762,"children":{"GenerateSensorData":{"count":17664590,"self":3960.639488,"total":3960.6394106999996,"children":null}}}}},"DecideAction":{"count":8832292,"self":9453.821952,"total":9453.8221401,"children":null},"AgentAct":{"count":8832292,"self":11.201516,"total":11.347019099999999,"children":{"AgentInfo.ToProto":{"count":68,"self":0,"total":0.1455034,"children":{"GenerateSensorData":{"count":68,"self":0.1455034,"total":0.1455034,"children":null}}}}}},"gauges":{"tagAgent.CumulativeReward":{"count":38860,"max":38465.4,"min":-1,"runningAverage":3046.64185,"value":2791.85278,"weightedAverage":1895.43286}},"metadata":{"timer_format_version":"0.1.0","start_time_seconds":"1632366874","unity_version":"2020.3.7f1","command_line_arguments":"C:\\Program Files\\Unity\\Hub\\Editor\\2020.3.7f1\\Editor\\Unity.exe -projectpath D:\/Dropbox\/Documents\/School\/Fall 2021\/Computer Networks\/Robo Tag\/Robo Tag -useHub -hubIPC -cloudEnvironment production -hubSessionId a339b960-1be6-11ec-b753-dbe8c46245b7 -accessToken zd2tRAJ6ihhL4b-nK4mVpj4emP3nIEH1te0GpD4d0FQ002f","communication_protocol_version":"1.0.0","com.unity.ml-agents_version":"1.0.8","scene_name":"tagArena","end_time_seconds":"1632405293"}}